{
  "appName": "NBA PG Clock",
  "appVersion": "1.0.0",
  "buildNumber": "1",
  "targetWatchOS": "8.0",
  "supportedDevices": [
    "Apple Watch Series 3",
    "Apple Watch Series 4",
    "Apple Watch Series 5",
    "Apple Watch Series 6",
    "Apple Watch Series 7",
    "Apple Watch Series 8",
    "Apple Watch Ultra"
  ],
  "complications": [
    {
      "name": "modular",
      "supportedFamilies": [
        "modularSmall",
        "modularLarge",
        "utilitarianSmall",
        "utilitarianLarge",
        "circularSmall",
        "extraLarge",
        "graphicCorner",
        "graphicCircular",
        "graphicRectangular",
        "graphicBezel",
        "graphicExtraLarge"
      ]
    }
  ],
  "features": {
    "alwaysOnDisplay": true,
    "healthKitIntegration": false,
    "notificationSupport": true,
    "complicationUpdates": {
      "frequency": "hourly",
      "backgroundRefresh": true
    }
  },
  "interfaceElements": [
    {
      "name": "mainClock",
      "type": "clock",
      "layout": "circular",
      "features": ["teamColorBackground", "pointGuardMarkers"]
    },
    {
      "name": "alarmList",
      "type": "table",
      "features": ["addNewAlarm", "editAlarm", "deleteAlarm"]
    },
    {
      "name": "timerControls",
      "type": "controls",
      "features": ["start", "pause", "reset"]
    }
  ],
  "accessibility": {
    "voiceOver": true,
    "dynamicType": true,
    "reducedMotion": true,
    "hapticsSupport": true
  }
}