{
  "appName": "NBA Point Guard Clock",
  "appVersion": "1.0.0",
  "buildNumber": "1",
  "minimumOSVersion": "10.15",
  "targetedOSVersions": ["10.15", "11.0", "12.0", "13.0", "14.0"],
  "category": "Sports & Clock",
  "bundleIdentifier": "com.nbapgclock.macos",
  "copyright": "© 2025 NBA Point Guard Clock",
  "applicationSupportsSecureRestorableState": true,
  "hardenedRuntime": true,
  "sandboxed": true,
  "appEntitlements": {
    "com.apple.security.app-sandbox": true,
    "com.apple.security.network.client": true,
    "com.apple.security.files.user-selected.read-only": true,
    "com.apple.security.files.downloads.read-write": true
  },
  "capabilities": {
    "notifications": true,
    "statusItem": true,
    "dock": true,
    "menuBar": true,
    "universalBinary": true
  },
  "distributionMethod": {
    "appStore": true,
    "directDownload": true
  },
  "desktopFeatures": {
    "windowMinimumSize": {
      "width": 800,
      "height": 600
    },
    "windowDefaultSize": {
      "width": 1200,
      "height": 800
    },
    "multiWindowSupport": true,
    "darkModeSupport": true,
    "menuBarExtras": [
      {
        "name": "Quick Clock",
        "icon": "clockMenuIcon",
        "features": [
          "showCurrentTime",
          "quickAlarmAccess",
          "quickTimerAccess"
        ]
      }
    ],
    "touchBarSupport": {
      "enabled": true,
      "controls": [
        "clockView",
        "alarmButton",
        "timerButton",
        "settingsButton"
      ]
    }
  },
  "accessibility": {
    "voiceOverSupport": true,
    "dynamicType": true,
    "reducedMotion": true,
    "increaseContrast": true,
    "keyboardNavigation": true
  },
  "localization": {
    "defaultLanguage": "en",
    "supportedLanguages": [
      "en",
      "es",
      "fr",
      "de",
      "it",
      "ja",
      "ko",
      "pt",
      "ru",
      "zh-Hans",
      "zh-Hant"
    ]
  }
}